integrity,teamwork,innovation,respect,quality
positioning,planning_process,improve_margin,leadership,younger
chunky,biomarker,optimize,seasons,acceptance
tweed,interval,enhance,on_behalf_of,luxury
underscore,dialogue,ability,camp,often
blame,finding,so_that,school,loyal
lingerie,bidding_process,proper,join,mechanical
terrible,operating_plan,execution,incumbent,matter
inspiration,monotherapy,in_order,airport,wireless
denim_business,engineering_firm,continually,big_retailer,e&p_company
summary,await,supply_chain,research,outsource
pencil_skirt,decision-making,value_proposition,god,unlimited
hat,cost-cutting,cost_structure,bench,dealer
voice,prohibit,stage_per_[ner:duration],director,up-sell
wellness,clinic,desire,truck,compliance
pop-up,t_reg,better_job,repair_work,traditionally
outerwear,head_up,redeploy,young,durable
bebe_division,agenda,maximize,worker,superior
sweater_dress,applicable,shareholder_return,parallel,handheld
grand,accounting_change,manage,hire,third-party
protective,trick,make_sure,body,diverse
bust,anti-rspo3,dsd_system,folk,cross-sell
sensible,waters,lever,vehicle,shop
conviction,receipt,allow,bed,shopping
gift-giving,intellectual,return_capital,city,sale_organization
goodbye,due_diligence,critical,financially,discrete
battle,principle,service_level,lobby,oem
cut_it_off,licensing,reliability,consume,stickiness
amplify,roll_that_out,massive,patience,fault_[ner:date]
disappointment,subsequently,business_unit,surround,exist_client
pay_up,solidify,minimize,partner,thousand_of
lay_it_out,forge,business_model,crew,derisk
geez,spectrum_clearing,enormous,audience,accept
royalty_rate,put_they_out,control,senior,request
cleaner,budgeting_process,leverage,displace,prepay
balancing_act,official,feature,promise,penalty
strategically,gold_peak,solution_set,proposal,voluntary
impressed,promptly,return_shareholder,advice,qualify
rig_market,whatnot,cost_efficiency,management_team,adjacency
drug_store,thorough,customer_service,pda,responsive
trade_customer,pd1,greatest,electric,download
proactive,auditor,invest,backbone,take-or-pay
heck,pay_attention,emphasis,community_manager,conjunction
moderately,conclude_presentation,retain,medication,distributor
overarching,enroll,content,together,family-owned
cricket,viewpoint,critical_mass,assure,opt
prudently,loyalty_program,tremendous_amount,jewel,metropolitan_area
understate,distraction,viable,rig_fleet,cross-selling
deflationary,additional_close_remark,distribution,device,engagement
growth_profile,debt-free,productivity,contact,fitting
critically,wing,restore,wire,move_out
ideally,literature,importantly,car,recommend
freight_broker,replicate,workforce,restaurant,analytical
silver,sit_in,overtime,expert,built-to-suit
weird,cancer,take_advantage,bottle,knowledge_assistant
analyst_community,relay,speed,acreage,1d
market_leader,delay_payment,customer_base,career,iron_roughneck
pricing_standpoint,question_come_line_[ner:person],satisfactory,part_country,automatic
darn,design_process,simpler,villa,customize
consumer_behavior,storm_damage,prioritize,mode,tract
inaccurate,discovery,around_world,vip_casino,select
uniform,frequent,bottom-line,gas_station,elevate
bare,enact,usage,get_on,cater
storefront,cl_king,effort,executive,client-side
aaa,please_proceed_sir,support,difficulty,hundred_of
remarkable,carton_plant,additive,superlink_product,tenant_mix
expense_control,case-by-case,strengthen,desk,familiar
blockchain,anti-pd1,utilize,access_point,pharmaceutical
rumor,roaming_rate,compete,arm,annuity_side
dental,opt-in,economically,hallway,petrochemical_side
devil,blessing,internally,prove_out,co-packing
thin,court_date,service,motor,personal
warn,search,breadth,war,concentrate
problematic,accountant,disadvantage,designer,instead
insofar,want_thank_everyone,roi,military,everywhere
premier,forthcoming,growth_platform,whose,industry-leading
dominant,join_call,next-generation,design_team,optimization
gigantic,sg,rationalize,means,line_up
aa,pulp_mill,heavily,construction_project,stand-alone
cultural,nearer,accordingly,producer,fight
go-to-market_strategy,good_afternoon_gentleman,storage,train,premise
disability,tuck,optimum,best_luck,dock
gun,review_process,unprofitable,ride,oftentimes
beer,sma_program,protect,sale_point,affiliated
cap_layer,frontier,adoption,niche,serious
clever,announce_company_name_location,appropriately,onboard,assemble
ok,revenue_synergy,execute,manager,surprisingly
worried,please_ask_question,hamper,programming,wheel
channel_mix,push_back,long_term,great_job,non-casino
anecdotal,seaone,bandwidth,spend_money,fault
management_change,alex.,spec,convention,presently
convinced,go_off,constantly,inventory_product,commercial_real
accessible,stack_up,logistics,good_job,retrofit
unpack,presenter,operational,blue,
idiosyncratic,rspo,design,red,
gold,entitlement,defend,full-time,
double-digits,state_you_company_name,margin_structure,merchant,
advertisement,elect,tightly,hotel_room,
operating_result,anti-tigit,inherent,market_development,
line_review,knee,focused,distance,
secret,nonetheless,willingness,fruit,
nothing_else,delicate,standard_care,market_clearing_price,
bond_market,board_director,strongly,business_development,
differentiator,holiday_period,promote,,
architecture,server-side,diversify,,
revenue_management,colorectal,clean_up,,
random,accounting_question,tremendous,,
sg&a_cost,add_on,manufacturing,,
repellent,blank,charterer,,
wimax,disrupt,effectiveness,,
deny,openly,tie_up,,
unencumbered,earnings_conference_call,display,,
stupid,announce_company_name,thus_far,,
cell_phone,mishear,excess_capacity,,
likes,interim,market_cluster,,
philosophical,inbound,gateway,,
industry_trend,board_meeting,continuous,,
mega,design_development,customer_relationship,,
determination,fill_in,major_retailer,,
necessity,handful,supply/demand,,
harm,q&a_roster,contract_labor,,
screwfix,calibrate,adequate,,
thesis,member,establish,,
deferral,opportunistically,onshore,,
heart,cpr,repositioning,,
dystrophin_level,manufacturing_facility,in-store,,
sympathetic,m&a_activity,penetrate,,
pd1_inhibitor,finish_line,awareness,,
inventory_reduction,boundary,end-user,,
baby_category,feasible,store_presentation,,
sugar_price,reach_out,competitiveness,,
mark_downs,posture,higher-margin,,
keen,preview,it_system,,
east_lyme,anyhow,progressively,,
weather_condition,wondering,key_retailer,,
nevertheless,good_morning_guy,successfully,,
,partnering,choice,,
,formally,spend_a_lot_of_money,,
,private_investor,abandon,,
,qualification,unbelievable,,
,university,competitive_position,,
,smb,improve_profitability,,
,long-range,higher-priced,,
,capacity_constraint,smarter,,
,diagnosis,smoothly,,
,disease_study,many_case,,
,pass_on,unit_freight_cost,,
,thank_much_sir,profitably,,
,thank_lady_gentleman,muscle,,
,gitr,get_out,,
,refine,adequately,,
,firefish,attempt,,
,shipyard,truly,,
,acquisition_program,end_user,,
,consumer_packaging,chase,,
,move_ahead,go-forward_basis,,
,e&p,migrate,,
,expression,solely,,
,complimentary,configure,,
,in-field,product_portfolio,,
,efficacy,et_cetera_et_cetera,,
,suntrust_[ner:person],compromise,,
,cordless,carefully,,
,action_plan,cycle_time,,
,stem,market_dynamics,,
,ce,tree,,
,existence,valuable,,
,like_turn_the_call_back_over_mr._[ner:person]_close,improved,,
,relocate,service_cost,,
,organizational,renter,,
,rig_upgrade,accommodate,,
,synergistic,placement,,
,upcoming,resonate,,
,kick_off,assay,,
,web_page,inventory_management,,
,rebrand,buyer_fee,,
,oem_business,brick-and-mortar,,
,investigation,validate,,
,distant,leadership_team,,
,state-of-the-art,tactic,,
,roll-out,product_side,,
,disappear,sell_in,,
,rush,featured,,
,advertising_campaign,transportation,,
,growth_engine,demand_deposit,,
,colleague,awful,,
,catalyst,a_kind_of,,
,fill_out,technological,,
,peel,payment_term,,
,imminent,key_item,,
,prospectively,seller,,
,eat_up,tandem,,
,,message,,
,,labor_availability,,
,,takeaway,,
,,transactional,,
,,electronics,,
,,student_housing,,
,,structurally,,
,,server_side,,
